"topic_given","sentiment_given","marginal_probability","topic_predicted","sentiment_predicted","conditional_probability","correlation","n_observations"
1,"negative",0.393548387096774,2,"negative",0.819672131147541,0.429271157299886,61
1,"negative",0.393548387096774,2,"neutral",0,0.429271157299886,61
1,"negative",0.393548387096774,2,"positive",0.180327868852459,0.429271157299886,61
1,"negative",0.393548387096774,3,"negative",0.885245901639344,0.441138342128171,61
1,"negative",0.393548387096774,3,"neutral",0,0.441138342128171,61
1,"negative",0.393548387096774,3,"positive",0.114754098360656,0.441138342128171,61
1,"negative",0.393548387096774,4,"negative",0.524590163934426,0.0136390938418874,61
1,"negative",0.393548387096774,4,"neutral",0,0.0136390938418874,61
1,"negative",0.393548387096774,4,"positive",0.475409836065574,0.0136390938418874,61
1,"negative",0.393548387096774,5,"negative",0.0983606557377049,-0.728470949356338,61
1,"negative",0.393548387096774,5,"neutral",0,-0.728470949356338,61
1,"negative",0.393548387096774,5,"positive",0.901639344262295,-0.728470949356338,61
1,"negative",0.393548387096774,6,"negative",0.327868852459016,-0.547364867022962,61
1,"negative",0.393548387096774,6,"neutral",0,-0.547364867022962,61
1,"negative",0.393548387096774,6,"positive",0.672131147540984,-0.547364867022962,61
1,"negative",0.393548387096774,7,"negative",0.0327868852459016,-0.594872689222184,61
1,"negative",0.393548387096774,7,"neutral",0,-0.594872689222184,61
1,"negative",0.393548387096774,7,"positive",0.967213114754098,-0.594872689222184,61
1,"negative",0.393548387096774,8,"negative",0.0327868852459016,-0.727134190445622,61
1,"negative",0.393548387096774,8,"neutral",0,-0.727134190445622,61
1,"negative",0.393548387096774,8,"positive",0.967213114754098,-0.727134190445622,61
1,"negative",0.393548387096774,9,"negative",0.147540983606557,-0.562672332456571,61
1,"negative",0.393548387096774,9,"neutral",0,-0.562672332456571,61
1,"negative",0.393548387096774,9,"positive",0.852459016393443,-0.562672332456571,61
1,"negative",0.393548387096774,10,"negative",0.442622950819672,0.354590914370558,61
1,"negative",0.393548387096774,10,"neutral",0,0.354590914370558,61
1,"negative",0.393548387096774,10,"positive",0.557377049180328,0.354590914370558,61
1,"positive",0.606451612903226,2,"negative",0.382978723404255,0.429271157299886,94
1,"positive",0.606451612903226,2,"neutral",0,0.429271157299886,94
1,"positive",0.606451612903226,2,"positive",0.617021276595745,0.429271157299886,94
1,"positive",0.606451612903226,3,"negative",0.446808510638298,0.441138342128171,94
1,"positive",0.606451612903226,3,"neutral",0,0.441138342128171,94
1,"positive",0.606451612903226,3,"positive",0.553191489361702,0.441138342128171,94
1,"positive",0.606451612903226,4,"negative",0.51063829787234,0.0136390938418874,94
1,"positive",0.606451612903226,4,"neutral",0,0.0136390938418874,94
1,"positive",0.606451612903226,4,"positive",0.48936170212766,0.0136390938418874,94
1,"positive",0.606451612903226,5,"negative",0.840425531914894,-0.728470949356338,94
1,"positive",0.606451612903226,5,"neutral",0,-0.728470949356338,94
1,"positive",0.606451612903226,5,"positive",0.159574468085106,-0.728470949356338,94
1,"positive",0.606451612903226,6,"negative",0.861702127659574,-0.547364867022962,94
1,"positive",0.606451612903226,6,"neutral",0,-0.547364867022962,94
1,"positive",0.606451612903226,6,"positive",0.138297872340426,-0.547364867022962,94
1,"positive",0.606451612903226,7,"negative",0.627659574468085,-0.594872689222184,94
1,"positive",0.606451612903226,7,"neutral",0,-0.594872689222184,94
1,"positive",0.606451612903226,7,"positive",0.372340425531915,-0.594872689222184,94
1,"positive",0.606451612903226,8,"negative",0.776595744680851,-0.727134190445622,94
1,"positive",0.606451612903226,8,"neutral",0,-0.727134190445622,94
1,"positive",0.606451612903226,8,"positive",0.223404255319149,-0.727134190445622,94
1,"positive",0.606451612903226,9,"negative",0.723404255319149,-0.562672332456571,94
1,"positive",0.606451612903226,9,"neutral",0,-0.562672332456571,94
1,"positive",0.606451612903226,9,"positive",0.276595744680851,-0.562672332456571,94
1,"positive",0.606451612903226,10,"negative",0.127659574468085,0.354590914370558,94
1,"positive",0.606451612903226,10,"neutral",0,0.354590914370558,94
1,"positive",0.606451612903226,10,"positive",0.872340425531915,0.354590914370558,94
2,"negative",0.554838709677419,1,"negative",0.581395348837209,0.429271157299886,86
2,"negative",0.554838709677419,1,"neutral",0,0.429271157299886,86
2,"negative",0.554838709677419,1,"positive",0.418604651162791,0.429271157299886,86
2,"negative",0.554838709677419,3,"negative",0.767441860465116,0.340495796646686,86
2,"negative",0.554838709677419,3,"neutral",0,0.340495796646686,86
2,"negative",0.554838709677419,3,"positive",0.232558139534884,0.340495796646686,86
2,"negative",0.554838709677419,4,"negative",0.558139534883721,0.0938509408648873,86
2,"negative",0.554838709677419,4,"neutral",0,0.0938509408648873,86
2,"negative",0.554838709677419,4,"positive",0.441860465116279,0.0938509408648873,86
2,"negative",0.554838709677419,5,"negative",0.313953488372093,-0.525917676249444,86
2,"negative",0.554838709677419,5,"neutral",0,-0.525917676249444,86
2,"negative",0.554838709677419,5,"positive",0.686046511627907,-0.525917676249444,86
2,"negative",0.554838709677419,6,"negative",0.581395348837209,-0.1645297777091,86
2,"negative",0.554838709677419,6,"neutral",0,-0.1645297777091,86
2,"negative",0.554838709677419,6,"positive",0.418604651162791,-0.1645297777091,86
2,"negative",0.554838709677419,7,"negative",0.244186046511628,-0.341325428987249,86
2,"negative",0.554838709677419,7,"neutral",0,-0.341325428987249,86
2,"negative",0.554838709677419,7,"positive",0.755813953488372,-0.341325428987249,86
2,"negative",0.554838709677419,8,"negative",0.325581395348837,-0.353616937901629,86
2,"negative",0.554838709677419,8,"neutral",0,-0.353616937901629,86
2,"negative",0.554838709677419,8,"positive",0.674418604651163,-0.353616937901629,86
2,"negative",0.554838709677419,9,"negative",0.313953488372093,-0.408215127165901,86
2,"negative",0.554838709677419,9,"neutral",0,-0.408215127165901,86
2,"negative",0.554838709677419,9,"positive",0.686046511627907,-0.408215127165901,86
2,"negative",0.554838709677419,10,"negative",0.337209302325581,0.220216864775587,86
2,"negative",0.554838709677419,10,"neutral",0,0.220216864775587,86
2,"negative",0.554838709677419,10,"positive",0.662790697674419,0.220216864775587,86
2,"positive",0.445161290322581,1,"negative",0.159420289855072,0.429271157299886,69
2,"positive",0.445161290322581,1,"neutral",0,0.429271157299886,69
2,"positive",0.445161290322581,1,"positive",0.840579710144927,0.429271157299886,69
2,"positive",0.445161290322581,3,"negative",0.434782608695652,0.340495796646686,69
2,"positive",0.445161290322581,3,"neutral",0,0.340495796646686,69
2,"positive",0.445161290322581,3,"positive",0.565217391304348,0.340495796646686,69
2,"positive",0.445161290322581,4,"negative",0.463768115942029,0.0938509408648873,69
2,"positive",0.445161290322581,4,"neutral",0,0.0938509408648873,69
2,"positive",0.445161290322581,4,"positive",0.536231884057971,0.0938509408648873,69
2,"positive",0.445161290322581,5,"negative",0.840579710144927,-0.525917676249444,69
2,"positive",0.445161290322581,5,"neutral",0,-0.525917676249444,69
2,"positive",0.445161290322581,5,"positive",0.159420289855072,-0.525917676249444,69
2,"positive",0.445161290322581,6,"negative",0.739130434782609,-0.1645297777091,69
2,"positive",0.445161290322581,6,"neutral",0,-0.1645297777091,69
2,"positive",0.445161290322581,6,"positive",0.260869565217391,-0.1645297777091,69
2,"positive",0.445161290322581,7,"negative",0.579710144927536,-0.341325428987249,69
2,"positive",0.445161290322581,7,"neutral",0,-0.341325428987249,69
2,"positive",0.445161290322581,7,"positive",0.420289855072464,-0.341325428987249,69
2,"positive",0.445161290322581,8,"negative",0.681159420289855,-0.353616937901629,69
2,"positive",0.445161290322581,8,"neutral",0,-0.353616937901629,69
2,"positive",0.445161290322581,8,"positive",0.318840579710145,-0.353616937901629,69
2,"positive",0.445161290322581,9,"negative",0.72463768115942,-0.408215127165901,69
2,"positive",0.445161290322581,9,"neutral",0,-0.408215127165901,69
2,"positive",0.445161290322581,9,"positive",0.27536231884058,-0.408215127165901,69
2,"positive",0.445161290322581,10,"negative",0.144927536231884,0.220216864775587,69
2,"positive",0.445161290322581,10,"neutral",0,0.220216864775587,69
2,"positive",0.445161290322581,10,"positive",0.855072463768116,0.220216864775587,69
3,"negative",0.619354838709677,1,"negative",0.5625,0.441138342128171,96
3,"negative",0.619354838709677,1,"neutral",0,0.441138342128171,96
3,"negative",0.619354838709677,1,"positive",0.4375,0.441138342128171,96
3,"negative",0.619354838709677,2,"negative",0.6875,0.340495796646686,96
3,"negative",0.619354838709677,2,"neutral",0,0.340495796646686,96
3,"negative",0.619354838709677,2,"positive",0.3125,0.340495796646686,96
3,"negative",0.619354838709677,4,"negative",0.416666666666667,-0.253877648957724,96
3,"negative",0.619354838709677,4,"neutral",0,-0.253877648957724,96
3,"negative",0.619354838709677,4,"positive",0.583333333333333,-0.253877648957724,96
3,"negative",0.619354838709677,5,"negative",0.354166666666667,-0.49782618656096,96
3,"negative",0.619354838709677,5,"neutral",0,-0.49782618656096,96
3,"negative",0.619354838709677,5,"positive",0.645833333333333,-0.49782618656096,96
3,"negative",0.619354838709677,6,"negative",0.53125,-0.322237735344908,96
3,"negative",0.619354838709677,6,"neutral",0,-0.322237735344908,96
3,"negative",0.619354838709677,6,"positive",0.46875,-0.322237735344908,96
3,"negative",0.619354838709677,7,"negative",0.21875,-0.456404466139767,96
3,"negative",0.619354838709677,7,"neutral",0,-0.456404466139767,96
3,"negative",0.619354838709677,7,"positive",0.78125,-0.456404466139767,96
3,"negative",0.619354838709677,8,"negative",0.322916666666667,-0.410835790036317,96
3,"negative",0.619354838709677,8,"neutral",0,-0.410835790036317,96
3,"negative",0.619354838709677,8,"positive",0.677083333333333,-0.410835790036317,96
3,"negative",0.619354838709677,9,"negative",0.3125,-0.470124802714662,96
3,"negative",0.619354838709677,9,"neutral",0,-0.470124802714662,96
3,"negative",0.619354838709677,9,"positive",0.6875,-0.470124802714662,96
3,"negative",0.619354838709677,10,"negative",0.354166666666667,0.301461331593776,96
3,"negative",0.619354838709677,10,"neutral",0,0.301461331593776,96
3,"negative",0.619354838709677,10,"positive",0.645833333333333,0.301461331593776,96
3,"positive",0.380645161290323,1,"negative",0.11864406779661,0.441138342128171,59
3,"positive",0.380645161290323,1,"neutral",0,0.441138342128171,59
3,"positive",0.380645161290323,1,"positive",0.88135593220339,0.441138342128171,59
3,"positive",0.380645161290323,2,"negative",0.338983050847458,0.340495796646686,59
3,"positive",0.380645161290323,2,"neutral",0,0.340495796646686,59
3,"positive",0.380645161290323,2,"positive",0.661016949152542,0.340495796646686,59
3,"positive",0.380645161290323,4,"negative",0.677966101694915,-0.253877648957724,59
3,"positive",0.380645161290323,4,"neutral",0,-0.253877648957724,59
3,"positive",0.380645161290323,4,"positive",0.322033898305085,-0.253877648957724,59
3,"positive",0.380645161290323,5,"negative",0.864406779661017,-0.49782618656096,59
3,"positive",0.380645161290323,5,"neutral",0,-0.49782618656096,59
3,"positive",0.380645161290323,5,"positive",0.135593220338983,-0.49782618656096,59
3,"positive",0.380645161290323,6,"negative",0.847457627118644,-0.322237735344908,59
3,"positive",0.380645161290323,6,"neutral",0,-0.322237735344908,59
3,"positive",0.380645161290323,6,"positive",0.152542372881356,-0.322237735344908,59
3,"positive",0.380645161290323,7,"negative",0.677966101694915,-0.456404466139767,59
3,"positive",0.380645161290323,7,"neutral",0,-0.456404466139767,59
3,"positive",0.380645161290323,7,"positive",0.322033898305085,-0.456404466139767,59
3,"positive",0.380645161290323,8,"negative",0.745762711864407,-0.410835790036317,59
3,"positive",0.380645161290323,8,"neutral",0,-0.410835790036317,59
3,"positive",0.380645161290323,8,"positive",0.254237288135593,-0.410835790036317,59
3,"positive",0.380645161290323,9,"negative",0.796610169491525,-0.470124802714662,59
3,"positive",0.380645161290323,9,"neutral",0,-0.470124802714662,59
3,"positive",0.380645161290323,9,"positive",0.203389830508475,-0.470124802714662,59
3,"positive",0.380645161290323,10,"negative",0.0847457627118644,0.301461331593776,59
3,"positive",0.380645161290323,10,"neutral",0,0.301461331593776,59
3,"positive",0.380645161290323,10,"positive",0.915254237288136,0.301461331593776,59
4,"negative",0.516129032258065,1,"negative",0.4,0.0136390938418874,80
4,"negative",0.516129032258065,1,"neutral",0,0.0136390938418874,80
4,"negative",0.516129032258065,1,"positive",0.6,0.0136390938418874,80
4,"negative",0.516129032258065,2,"negative",0.6,0.0938509408648873,80
4,"negative",0.516129032258065,2,"neutral",0,0.0938509408648873,80
4,"negative",0.516129032258065,2,"positive",0.4,0.0938509408648873,80
4,"negative",0.516129032258065,3,"negative",0.5,-0.253877648957724,80
4,"negative",0.516129032258065,3,"neutral",0,-0.253877648957724,80
4,"negative",0.516129032258065,3,"positive",0.5,-0.253877648957724,80
4,"negative",0.516129032258065,5,"negative",0.575,0.0552306089778777,80
4,"negative",0.516129032258065,5,"neutral",0,0.0552306089778777,80
4,"negative",0.516129032258065,5,"positive",0.425,0.0552306089778777,80
4,"negative",0.516129032258065,6,"negative",0.7,0.104886129254592,80
4,"negative",0.516129032258065,6,"neutral",0,0.104886129254592,80
4,"negative",0.516129032258065,6,"positive",0.3,0.104886129254592,80
4,"negative",0.516129032258065,7,"negative",0.4375,0.0929163267978579,80
4,"negative",0.516129032258065,7,"neutral",0,0.0929163267978579,80
4,"negative",0.516129032258065,7,"positive",0.5625,0.0929163267978579,80
4,"negative",0.516129032258065,8,"negative",0.5,0.0333333333333333,80
4,"negative",0.516129032258065,8,"neutral",0,0.0333333333333333,80
4,"negative",0.516129032258065,8,"positive",0.5,0.0333333333333333,80
4,"negative",0.516129032258065,9,"negative",0.55,0.109945041215655,80
4,"negative",0.516129032258065,9,"neutral",0,0.109945041215655,80
4,"negative",0.516129032258065,9,"positive",0.45,0.109945041215655,80
4,"negative",0.516129032258065,10,"negative",0.1625,-0.212092521197455,80
4,"negative",0.516129032258065,10,"neutral",0,-0.212092521197455,80
4,"negative",0.516129032258065,10,"positive",0.8375,-0.212092521197455,80
4,"positive",0.483870967741935,1,"negative",0.386666666666667,0.0136390938418874,75
4,"positive",0.483870967741935,1,"neutral",0,0.0136390938418874,75
4,"positive",0.483870967741935,1,"positive",0.613333333333333,0.0136390938418874,75
4,"positive",0.483870967741935,2,"negative",0.506666666666667,0.0938509408648873,75
4,"positive",0.483870967741935,2,"neutral",0,0.0938509408648873,75
4,"positive",0.483870967741935,2,"positive",0.493333333333333,0.0938509408648873,75
4,"positive",0.483870967741935,3,"negative",0.746666666666667,-0.253877648957724,75
4,"positive",0.483870967741935,3,"neutral",0,-0.253877648957724,75
4,"positive",0.483870967741935,3,"positive",0.253333333333333,-0.253877648957724,75
4,"positive",0.483870967741935,5,"negative",0.52,0.0552306089778777,75
4,"positive",0.483870967741935,5,"neutral",0,0.0552306089778777,75
4,"positive",0.483870967741935,5,"positive",0.48,0.0552306089778777,75
4,"positive",0.483870967741935,6,"negative",0.6,0.104886129254592,75
4,"positive",0.483870967741935,6,"neutral",0,0.104886129254592,75
4,"positive",0.483870967741935,6,"positive",0.4,0.104886129254592,75
4,"positive",0.483870967741935,7,"negative",0.346666666666667,0.0929163267978579,75
4,"positive",0.483870967741935,7,"neutral",0,0.0929163267978579,75
4,"positive",0.483870967741935,7,"positive",0.653333333333333,0.0929163267978579,75
4,"positive",0.483870967741935,8,"negative",0.466666666666667,0.0333333333333333,75
4,"positive",0.483870967741935,8,"neutral",0,0.0333333333333333,75
4,"positive",0.483870967741935,8,"positive",0.533333333333333,0.0333333333333333,75
4,"positive",0.483870967741935,9,"negative",0.44,0.109945041215655,75
4,"positive",0.483870967741935,9,"neutral",0,0.109945041215655,75
4,"positive",0.483870967741935,9,"positive",0.56,0.109945041215655,75
4,"positive",0.483870967741935,10,"negative",0.346666666666667,-0.212092521197455,75
4,"positive",0.483870967741935,10,"neutral",0,-0.212092521197455,75
4,"positive",0.483870967741935,10,"positive",0.653333333333333,-0.212092521197455,75
5,"negative",0.548387096774194,1,"negative",0.0705882352941176,-0.728470949356338,85
5,"negative",0.548387096774194,1,"neutral",0,-0.728470949356338,85
5,"negative",0.548387096774194,1,"positive",0.929411764705882,-0.728470949356338,85
5,"negative",0.548387096774194,2,"negative",0.317647058823529,-0.525917676249444,85
5,"negative",0.548387096774194,2,"neutral",0,-0.525917676249444,85
5,"negative",0.548387096774194,2,"positive",0.682352941176471,-0.525917676249444,85
5,"negative",0.548387096774194,3,"negative",0.4,-0.49782618656096,85
5,"negative",0.548387096774194,3,"neutral",0,-0.49782618656096,85
5,"negative",0.548387096774194,3,"positive",0.6,-0.49782618656096,85
5,"negative",0.548387096774194,4,"negative",0.541176470588235,0.0552306089778777,85
5,"negative",0.548387096774194,4,"neutral",0,0.0552306089778777,85
5,"negative",0.548387096774194,4,"positive",0.458823529411765,0.0552306089778777,85
5,"negative",0.548387096774194,6,"negative",0.823529411764706,0.397605292546178,85
5,"negative",0.548387096774194,6,"neutral",0,0.397605292546178,85
5,"negative",0.548387096774194,6,"positive",0.176470588235294,0.397605292546178,85
5,"negative",0.548387096774194,7,"negative",0.694117647058824,0.677965912914476,85
5,"negative",0.548387096774194,7,"neutral",0,0.677965912914476,85
5,"negative",0.548387096774194,7,"positive",0.305882352941176,0.677965912914476,85
5,"negative",0.548387096774194,8,"negative",0.788235294117647,0.67113558182209,85
5,"negative",0.548387096774194,8,"neutral",0,0.67113558182209,85
5,"negative",0.548387096774194,8,"positive",0.211764705882353,0.67113558182209,85
5,"negative",0.548387096774194,9,"negative",0.788235294117647,0.642362349005064,85
5,"negative",0.548387096774194,9,"neutral",0,0.642362349005064,85
5,"negative",0.548387096774194,9,"positive",0.211764705882353,0.642362349005064,85
5,"negative",0.548387096774194,10,"negative",0.117647058823529,-0.340192651929434,85
5,"negative",0.548387096774194,10,"neutral",0,-0.340192651929434,85
5,"negative",0.548387096774194,10,"positive",0.882352941176471,-0.340192651929434,85
5,"positive",0.451612903225806,1,"negative",0.785714285714286,-0.728470949356338,70
5,"positive",0.451612903225806,1,"neutral",0,-0.728470949356338,70
5,"positive",0.451612903225806,1,"positive",0.214285714285714,-0.728470949356338,70
5,"positive",0.451612903225806,2,"negative",0.842857142857143,-0.525917676249444,70
5,"positive",0.451612903225806,2,"neutral",0,-0.525917676249444,70
5,"positive",0.451612903225806,2,"positive",0.157142857142857,-0.525917676249444,70
5,"positive",0.451612903225806,3,"negative",0.885714285714286,-0.49782618656096,70
5,"positive",0.451612903225806,3,"neutral",0,-0.49782618656096,70
5,"positive",0.451612903225806,3,"positive",0.114285714285714,-0.49782618656096,70
5,"positive",0.451612903225806,4,"negative",0.485714285714286,0.0552306089778777,70
5,"positive",0.451612903225806,4,"neutral",0,0.0552306089778777,70
5,"positive",0.451612903225806,4,"positive",0.514285714285714,0.0552306089778777,70
5,"positive",0.451612903225806,6,"negative",0.442857142857143,0.397605292546178,70
5,"positive",0.451612903225806,6,"neutral",0,0.397605292546178,70
5,"positive",0.451612903225806,6,"positive",0.557142857142857,0.397605292546178,70
5,"positive",0.451612903225806,7,"negative",0.0285714285714286,0.677965912914476,70
5,"positive",0.451612903225806,7,"neutral",0,0.677965912914476,70
5,"positive",0.451612903225806,7,"positive",0.971428571428571,0.677965912914476,70
5,"positive",0.451612903225806,8,"negative",0.114285714285714,0.67113558182209,70
5,"positive",0.451612903225806,8,"neutral",0,0.67113558182209,70
5,"positive",0.451612903225806,8,"positive",0.885714285714286,0.67113558182209,70
5,"positive",0.451612903225806,9,"negative",0.142857142857143,0.642362349005064,70
5,"positive",0.451612903225806,9,"neutral",0,0.642362349005064,70
5,"positive",0.451612903225806,9,"positive",0.857142857142857,0.642362349005064,70
5,"positive",0.451612903225806,10,"negative",0.414285714285714,-0.340192651929434,70
5,"positive",0.451612903225806,10,"neutral",0,-0.340192651929434,70
5,"positive",0.451612903225806,10,"positive",0.585714285714286,-0.340192651929434,70
6,"negative",0.651612903225806,1,"negative",0.198019801980198,-0.547364867022962,101
6,"negative",0.651612903225806,1,"neutral",0,-0.547364867022962,101
6,"negative",0.651612903225806,1,"positive",0.801980198019802,-0.547364867022962,101
6,"negative",0.651612903225806,2,"negative",0.495049504950495,-0.1645297777091,101
6,"negative",0.651612903225806,2,"neutral",0,-0.1645297777091,101
6,"negative",0.651612903225806,2,"positive",0.504950495049505,-0.1645297777091,101
6,"negative",0.651612903225806,3,"negative",0.504950495049505,-0.322237735344908,101
6,"negative",0.651612903225806,3,"neutral",0,-0.322237735344908,101
6,"negative",0.651612903225806,3,"positive",0.495049504950495,-0.322237735344908,101
6,"negative",0.651612903225806,4,"negative",0.554455445544555,0.104886129254592,101
6,"negative",0.651612903225806,4,"neutral",0,0.104886129254592,101
6,"negative",0.651612903225806,4,"positive",0.445544554455446,0.104886129254592,101
6,"negative",0.651612903225806,5,"negative",0.693069306930693,0.397605292546178,101
6,"negative",0.651612903225806,5,"neutral",0,0.397605292546178,101
6,"negative",0.651612903225806,5,"positive",0.306930693069307,0.397605292546178,101
6,"negative",0.651612903225806,7,"negative",0.534653465346535,0.395011104623889,101
6,"negative",0.651612903225806,7,"neutral",0,0.395011104623889,101
6,"negative",0.651612903225806,7,"positive",0.465346534653465,0.395011104623889,101
6,"negative",0.651612903225806,8,"negative",0.683168316831683,0.545407872123879,101
6,"negative",0.651612903225806,8,"neutral",0,0.545407872123879,101
6,"negative",0.651612903225806,8,"positive",0.316831683168317,0.545407872123879,101
6,"negative",0.651612903225806,9,"negative",0.613861386138614,0.320267031370468,101
6,"negative",0.651612903225806,9,"neutral",0,0.320267031370468,101
6,"negative",0.651612903225806,9,"positive",0.386138613861386,0.320267031370468,101
6,"negative",0.651612903225806,10,"negative",0.207920792079208,-0.137701045222606,101
6,"negative",0.651612903225806,10,"neutral",0,-0.137701045222606,101
6,"negative",0.651612903225806,10,"positive",0.792079207920792,-0.137701045222606,101
6,"positive",0.348387096774194,1,"negative",0.759259259259259,-0.547364867022962,54
6,"positive",0.348387096774194,1,"neutral",0,-0.547364867022962,54
6,"positive",0.348387096774194,1,"positive",0.240740740740741,-0.547364867022962,54
6,"positive",0.348387096774194,2,"negative",0.666666666666667,-0.1645297777091,54
6,"positive",0.348387096774194,2,"neutral",0,-0.1645297777091,54
6,"positive",0.348387096774194,2,"positive",0.333333333333333,-0.1645297777091,54
6,"positive",0.348387096774194,3,"negative",0.833333333333333,-0.322237735344908,54
6,"positive",0.348387096774194,3,"neutral",0,-0.322237735344908,54
6,"positive",0.348387096774194,3,"positive",0.166666666666667,-0.322237735344908,54
6,"positive",0.348387096774194,4,"negative",0.444444444444444,0.104886129254592,54
6,"positive",0.348387096774194,4,"neutral",0,0.104886129254592,54
6,"positive",0.348387096774194,4,"positive",0.555555555555556,0.104886129254592,54
6,"positive",0.348387096774194,5,"negative",0.277777777777778,0.397605292546178,54
6,"positive",0.348387096774194,5,"neutral",0,0.397605292546178,54
6,"positive",0.348387096774194,5,"positive",0.722222222222222,0.397605292546178,54
6,"positive",0.348387096774194,7,"negative",0.12962962962963,0.395011104623889,54
6,"positive",0.348387096774194,7,"neutral",0,0.395011104623889,54
6,"positive",0.348387096774194,7,"positive",0.87037037037037,0.395011104623889,54
6,"positive",0.348387096774194,8,"negative",0.111111111111111,0.545407872123879,54
6,"positive",0.348387096774194,8,"neutral",0,0.545407872123879,54
6,"positive",0.348387096774194,8,"positive",0.888888888888889,0.545407872123879,54
6,"positive",0.348387096774194,9,"negative",0.277777777777778,0.320267031370468,54
6,"positive",0.348387096774194,9,"neutral",0,0.320267031370468,54
6,"positive",0.348387096774194,9,"positive",0.722222222222222,0.320267031370468,54
6,"positive",0.348387096774194,10,"negative",0.333333333333333,-0.137701045222606,54
6,"positive",0.348387096774194,10,"neutral",0,-0.137701045222606,54
6,"positive",0.348387096774194,10,"positive",0.666666666666667,-0.137701045222606,54
7,"negative",0.393548387096774,1,"negative",0.0327868852459016,-0.594872689222184,61
7,"negative",0.393548387096774,1,"neutral",0,-0.594872689222184,61
7,"negative",0.393548387096774,1,"positive",0.967213114754098,-0.594872689222184,61
7,"negative",0.393548387096774,2,"negative",0.344262295081967,-0.341325428987249,61
7,"negative",0.393548387096774,2,"neutral",0,-0.341325428987249,61
7,"negative",0.393548387096774,2,"positive",0.655737704918033,-0.341325428987249,61
7,"negative",0.393548387096774,3,"negative",0.344262295081967,-0.456404466139767,61
7,"negative",0.393548387096774,3,"neutral",0,-0.456404466139767,61
7,"negative",0.393548387096774,3,"positive",0.655737704918033,-0.456404466139767,61
7,"negative",0.393548387096774,4,"negative",0.573770491803279,0.0929163267978579,61
7,"negative",0.393548387096774,4,"neutral",0,0.0929163267978579,61
7,"negative",0.393548387096774,4,"positive",0.426229508196721,0.0929163267978579,61
7,"negative",0.393548387096774,5,"negative",0.967213114754098,0.677965912914476,61
7,"negative",0.393548387096774,5,"neutral",0,0.677965912914476,61
7,"negative",0.393548387096774,5,"positive",0.0327868852459016,0.677965912914476,61
7,"negative",0.393548387096774,6,"negative",0.885245901639344,0.395011104623889,61
7,"negative",0.393548387096774,6,"neutral",0,0.395011104623889,61
7,"negative",0.393548387096774,6,"positive",0.114754098360656,0.395011104623889,61
7,"negative",0.393548387096774,8,"negative",0.819672131147541,0.541301536849906,61
7,"negative",0.393548387096774,8,"neutral",0,0.541301536849906,61
7,"negative",0.393548387096774,8,"positive",0.180327868852459,0.541301536849906,61
7,"negative",0.393548387096774,9,"negative",0.934426229508197,0.705129652242668,61
7,"negative",0.393548387096774,9,"neutral",0,0.705129652242668,61
7,"negative",0.393548387096774,9,"positive",0.0655737704918033,0.705129652242668,61
7,"negative",0.393548387096774,10,"negative",0.0819672131147541,-0.314930136572743,61
7,"negative",0.393548387096774,10,"neutral",0,-0.314930136572743,61
7,"negative",0.393548387096774,10,"positive",0.918032786885246,-0.314930136572743,61
7,"positive",0.606451612903226,1,"negative",0.627659574468085,-0.594872689222184,94
7,"positive",0.606451612903226,1,"neutral",0,-0.594872689222184,94
7,"positive",0.606451612903226,1,"positive",0.372340425531915,-0.594872689222184,94
7,"positive",0.606451612903226,2,"negative",0.691489361702128,-0.341325428987249,94
7,"positive",0.606451612903226,2,"neutral",0,-0.341325428987249,94
7,"positive",0.606451612903226,2,"positive",0.308510638297872,-0.341325428987249,94
7,"positive",0.606451612903226,3,"negative",0.797872340425532,-0.456404466139767,94
7,"positive",0.606451612903226,3,"neutral",0,-0.456404466139767,94
7,"positive",0.606451612903226,3,"positive",0.202127659574468,-0.456404466139767,94
7,"positive",0.606451612903226,4,"negative",0.478723404255319,0.0929163267978579,94
7,"positive",0.606451612903226,4,"neutral",0,0.0929163267978579,94
7,"positive",0.606451612903226,4,"positive",0.521276595744681,0.0929163267978579,94
7,"positive",0.606451612903226,5,"negative",0.276595744680851,0.677965912914476,94
7,"positive",0.606451612903226,5,"neutral",0,0.677965912914476,94
7,"positive",0.606451612903226,5,"positive",0.723404255319149,0.677965912914476,94
7,"positive",0.606451612903226,6,"negative",0.5,0.395011104623889,94
7,"positive",0.606451612903226,6,"neutral",0,0.395011104623889,94
7,"positive",0.606451612903226,6,"positive",0.5,0.395011104623889,94
7,"positive",0.606451612903226,8,"negative",0.265957446808511,0.541301536849906,94
7,"positive",0.606451612903226,8,"neutral",0,0.541301536849906,94
7,"positive",0.606451612903226,8,"positive",0.734042553191489,0.541301536849906,94
7,"positive",0.606451612903226,9,"negative",0.212765957446809,0.705129652242668,94
7,"positive",0.606451612903226,9,"neutral",0,0.705129652242668,94
7,"positive",0.606451612903226,9,"positive",0.787234042553192,0.705129652242668,94
7,"positive",0.606451612903226,10,"negative",0.361702127659574,-0.314930136572743,94
7,"positive",0.606451612903226,10,"neutral",0,-0.314930136572743,94
7,"positive",0.606451612903226,10,"positive",0.638297872340426,-0.314930136572743,94
8,"negative",0.483870967741935,1,"negative",0.0266666666666667,-0.727134190445622,75
8,"negative",0.483870967741935,1,"neutral",0,-0.727134190445622,75
8,"negative",0.483870967741935,1,"positive",0.973333333333333,-0.727134190445622,75
8,"negative",0.483870967741935,2,"negative",0.373333333333333,-0.353616937901629,75
8,"negative",0.483870967741935,2,"neutral",0,-0.353616937901629,75
8,"negative",0.483870967741935,2,"positive",0.626666666666667,-0.353616937901629,75
8,"negative",0.483870967741935,3,"negative",0.413333333333333,-0.410835790036317,75
8,"negative",0.483870967741935,3,"neutral",0,-0.410835790036317,75
8,"negative",0.483870967741935,3,"positive",0.586666666666667,-0.410835790036317,75
8,"negative",0.483870967741935,4,"negative",0.533333333333333,0.0333333333333333,75
8,"negative",0.483870967741935,4,"neutral",0,0.0333333333333333,75
8,"negative",0.483870967741935,4,"positive",0.466666666666667,0.0333333333333333,75
8,"negative",0.483870967741935,5,"negative",0.893333333333333,0.67113558182209,75
8,"negative",0.483870967741935,5,"neutral",0,0.67113558182209,75
8,"negative",0.483870967741935,5,"positive",0.106666666666667,0.67113558182209,75
8,"negative",0.483870967741935,6,"negative",0.92,0.545407872123879,75
8,"negative",0.483870967741935,6,"neutral",0,0.545407872123879,75
8,"negative",0.483870967741935,6,"positive",0.08,0.545407872123879,75
8,"negative",0.483870967741935,7,"negative",0.666666666666667,0.541301536849906,75
8,"negative",0.483870967741935,7,"neutral",0,0.541301536849906,75
8,"negative",0.483870967741935,7,"positive",0.333333333333333,0.541301536849906,75
8,"negative",0.483870967741935,9,"negative",0.72,0.432283912052462,75
8,"negative",0.483870967741935,9,"neutral",0,0.432283912052462,75
8,"negative",0.483870967741935,9,"positive",0.28,0.432283912052462,75
8,"negative",0.483870967741935,10,"negative",0.106666666666667,-0.323417102459467,75
8,"negative",0.483870967741935,10,"neutral",0,-0.323417102459467,75
8,"negative",0.483870967741935,10,"positive",0.893333333333333,-0.323417102459467,75
8,"positive",0.516129032258065,1,"negative",0.7375,-0.727134190445622,80
8,"positive",0.516129032258065,1,"neutral",0,-0.727134190445622,80
8,"positive",0.516129032258065,1,"positive",0.2625,-0.727134190445622,80
8,"positive",0.516129032258065,2,"negative",0.725,-0.353616937901629,80
8,"positive",0.516129032258065,2,"neutral",0,-0.353616937901629,80
8,"positive",0.516129032258065,2,"positive",0.275,-0.353616937901629,80
8,"positive",0.516129032258065,3,"negative",0.8125,-0.410835790036317,80
8,"positive",0.516129032258065,3,"neutral",0,-0.410835790036317,80
8,"positive",0.516129032258065,3,"positive",0.1875,-0.410835790036317,80
8,"positive",0.516129032258065,4,"negative",0.5,0.0333333333333333,80
8,"positive",0.516129032258065,4,"neutral",0,0.0333333333333333,80
8,"positive",0.516129032258065,4,"positive",0.5,0.0333333333333333,80
8,"positive",0.516129032258065,5,"negative",0.225,0.67113558182209,80
8,"positive",0.516129032258065,5,"neutral",0,0.67113558182209,80
8,"positive",0.516129032258065,5,"positive",0.775,0.67113558182209,80
8,"positive",0.516129032258065,6,"negative",0.4,0.545407872123879,80
8,"positive",0.516129032258065,6,"neutral",0,0.545407872123879,80
8,"positive",0.516129032258065,6,"positive",0.6,0.545407872123879,80
8,"positive",0.516129032258065,7,"negative",0.1375,0.541301536849906,80
8,"positive",0.516129032258065,7,"neutral",0,0.541301536849906,80
8,"positive",0.516129032258065,7,"positive",0.8625,0.541301536849906,80
8,"positive",0.516129032258065,9,"negative",0.2875,0.432283912052462,80
8,"positive",0.516129032258065,9,"neutral",0,0.432283912052462,80
8,"positive",0.516129032258065,9,"positive",0.7125,0.432283912052462,80
8,"positive",0.516129032258065,10,"negative",0.3875,-0.323417102459467,80
8,"positive",0.516129032258065,10,"neutral",0,-0.323417102459467,80
8,"positive",0.516129032258065,10,"positive",0.6125,-0.323417102459467,80
9,"negative",0.496774193548387,1,"negative",0.116883116883117,-0.562672332456571,77
9,"negative",0.496774193548387,1,"neutral",0,-0.562672332456571,77
9,"negative",0.496774193548387,1,"positive",0.883116883116883,-0.562672332456571,77
9,"negative",0.496774193548387,2,"negative",0.350649350649351,-0.408215127165901,77
9,"negative",0.496774193548387,2,"neutral",0,-0.408215127165901,77
9,"negative",0.496774193548387,2,"positive",0.649350649350649,-0.408215127165901,77
9,"negative",0.496774193548387,3,"negative",0.38961038961039,-0.470124802714662,77
9,"negative",0.496774193548387,3,"neutral",0,-0.470124802714662,77
9,"negative",0.496774193548387,3,"positive",0.61038961038961,-0.470124802714662,77
9,"negative",0.496774193548387,4,"negative",0.571428571428571,0.109945041215655,77
9,"negative",0.496774193548387,4,"neutral",0,0.109945041215655,77
9,"negative",0.496774193548387,4,"positive",0.428571428571429,0.109945041215655,77
9,"negative",0.496774193548387,5,"negative",0.87012987012987,0.642362349005064,77
9,"negative",0.496774193548387,5,"neutral",0,0.642362349005064,77
9,"negative",0.496774193548387,5,"positive",0.12987012987013,0.642362349005064,77
9,"negative",0.496774193548387,6,"negative",0.805194805194805,0.320267031370468,77
9,"negative",0.496774193548387,6,"neutral",0,0.320267031370468,77
9,"negative",0.496774193548387,6,"positive",0.194805194805195,0.320267031370468,77
9,"negative",0.496774193548387,7,"negative",0.74025974025974,0.705129652242668,77
9,"negative",0.496774193548387,7,"neutral",0,0.705129652242668,77
9,"negative",0.496774193548387,7,"positive",0.25974025974026,0.705129652242668,77
9,"negative",0.496774193548387,8,"negative",0.701298701298701,0.432283912052462,77
9,"negative",0.496774193548387,8,"neutral",0,0.432283912052462,77
9,"negative",0.496774193548387,8,"positive",0.298701298701299,0.432283912052462,77
9,"negative",0.496774193548387,10,"negative",0.12987012987013,-0.278747930815335,77
9,"negative",0.496774193548387,10,"neutral",0,-0.278747930815335,77
9,"negative",0.496774193548387,10,"positive",0.87012987012987,-0.278747930815335,77
9,"positive",0.503225806451613,1,"negative",0.666666666666667,-0.562672332456571,78
9,"positive",0.503225806451613,1,"neutral",0,-0.562672332456571,78
9,"positive",0.503225806451613,1,"positive",0.333333333333333,-0.562672332456571,78
9,"positive",0.503225806451613,2,"negative",0.756410256410256,-0.408215127165901,78
9,"positive",0.503225806451613,2,"neutral",0,-0.408215127165901,78
9,"positive",0.503225806451613,2,"positive",0.243589743589744,-0.408215127165901,78
9,"positive",0.503225806451613,3,"negative",0.846153846153846,-0.470124802714662,78
9,"positive",0.503225806451613,3,"neutral",0,-0.470124802714662,78
9,"positive",0.503225806451613,3,"positive",0.153846153846154,-0.470124802714662,78
9,"positive",0.503225806451613,4,"negative",0.461538461538462,0.109945041215655,78
9,"positive",0.503225806451613,4,"neutral",0,0.109945041215655,78
9,"positive",0.503225806451613,4,"positive",0.538461538461538,0.109945041215655,78
9,"positive",0.503225806451613,5,"negative",0.230769230769231,0.642362349005064,78
9,"positive",0.503225806451613,5,"neutral",0,0.642362349005064,78
9,"positive",0.503225806451613,5,"positive",0.769230769230769,0.642362349005064,78
9,"positive",0.503225806451613,6,"negative",0.5,0.320267031370468,78
9,"positive",0.503225806451613,6,"neutral",0,0.320267031370468,78
9,"positive",0.503225806451613,6,"positive",0.5,0.320267031370468,78
9,"positive",0.503225806451613,7,"negative",0.0512820512820513,0.705129652242668,78
9,"positive",0.503225806451613,7,"neutral",0,0.705129652242668,78
9,"positive",0.503225806451613,7,"positive",0.948717948717949,0.705129652242668,78
9,"positive",0.503225806451613,8,"negative",0.269230769230769,0.432283912052462,78
9,"positive",0.503225806451613,8,"neutral",0,0.432283912052462,78
9,"positive",0.503225806451613,8,"positive",0.730769230769231,0.432283912052462,78
9,"positive",0.503225806451613,10,"negative",0.371794871794872,-0.278747930815335,78
9,"positive",0.503225806451613,10,"neutral",0,-0.278747930815335,78
9,"positive",0.503225806451613,10,"positive",0.628205128205128,-0.278747930815335,78
10,"negative",0.251612903225806,1,"negative",0.692307692307692,0.354590914370558,39
10,"negative",0.251612903225806,1,"neutral",0,0.354590914370558,39
10,"negative",0.251612903225806,1,"positive",0.307692307692308,0.354590914370558,39
10,"negative",0.251612903225806,2,"negative",0.743589743589744,0.220216864775587,39
10,"negative",0.251612903225806,2,"neutral",0,0.220216864775587,39
10,"negative",0.251612903225806,2,"positive",0.256410256410256,0.220216864775587,39
10,"negative",0.251612903225806,3,"negative",0.871794871794872,0.301461331593776,39
10,"negative",0.251612903225806,3,"neutral",0,0.301461331593776,39
10,"negative",0.251612903225806,3,"positive",0.128205128205128,0.301461331593776,39
10,"negative",0.251612903225806,4,"negative",0.333333333333333,-0.212092521197455,39
10,"negative",0.251612903225806,4,"neutral",0,-0.212092521197455,39
10,"negative",0.251612903225806,4,"positive",0.666666666666667,-0.212092521197455,39
10,"negative",0.251612903225806,5,"negative",0.256410256410256,-0.340192651929434,39
10,"negative",0.251612903225806,5,"neutral",0,-0.340192651929434,39
10,"negative",0.251612903225806,5,"positive",0.743589743589744,-0.340192651929434,39
10,"negative",0.251612903225806,6,"negative",0.538461538461538,-0.137701045222606,39
10,"negative",0.251612903225806,6,"neutral",0,-0.137701045222606,39
10,"negative",0.251612903225806,6,"positive",0.461538461538462,-0.137701045222606,39
10,"negative",0.251612903225806,7,"negative",0.128205128205128,-0.314930136572743,39
10,"negative",0.251612903225806,7,"neutral",0,-0.314930136572743,39
10,"negative",0.251612903225806,7,"positive",0.871794871794872,-0.314930136572743,39
10,"negative",0.251612903225806,8,"negative",0.205128205128205,-0.323417102459467,39
10,"negative",0.251612903225806,8,"neutral",0,-0.323417102459467,39
10,"negative",0.251612903225806,8,"positive",0.794871794871795,-0.323417102459467,39
10,"negative",0.251612903225806,9,"negative",0.256410256410256,-0.278747930815335,39
10,"negative",0.251612903225806,9,"neutral",0,-0.278747930815335,39
10,"negative",0.251612903225806,9,"positive",0.743589743589744,-0.278747930815335,39
10,"positive",0.748387096774194,1,"negative",0.293103448275862,0.354590914370558,116
10,"positive",0.748387096774194,1,"neutral",0,0.354590914370558,116
10,"positive",0.748387096774194,1,"positive",0.706896551724138,0.354590914370558,116
10,"positive",0.748387096774194,2,"negative",0.491379310344828,0.220216864775587,116
10,"positive",0.748387096774194,2,"neutral",0,0.220216864775587,116
10,"positive",0.748387096774194,2,"positive",0.508620689655172,0.220216864775587,116
10,"positive",0.748387096774194,3,"negative",0.53448275862069,0.301461331593776,116
10,"positive",0.748387096774194,3,"neutral",0,0.301461331593776,116
10,"positive",0.748387096774194,3,"positive",0.46551724137931,0.301461331593776,116
10,"positive",0.748387096774194,4,"negative",0.577586206896552,-0.212092521197455,116
10,"positive",0.748387096774194,4,"neutral",0,-0.212092521197455,116
10,"positive",0.748387096774194,4,"positive",0.422413793103448,-0.212092521197455,116
10,"positive",0.748387096774194,5,"negative",0.646551724137931,-0.340192651929434,116
10,"positive",0.748387096774194,5,"neutral",0,-0.340192651929434,116
10,"positive",0.748387096774194,5,"positive",0.353448275862069,-0.340192651929434,116
10,"positive",0.748387096774194,6,"negative",0.689655172413793,-0.137701045222606,116
10,"positive",0.748387096774194,6,"neutral",0,-0.137701045222606,116
10,"positive",0.748387096774194,6,"positive",0.310344827586207,-0.137701045222606,116
10,"positive",0.748387096774194,7,"negative",0.482758620689655,-0.314930136572743,116
10,"positive",0.748387096774194,7,"neutral",0,-0.314930136572743,116
10,"positive",0.748387096774194,7,"positive",0.517241379310345,-0.314930136572743,116
10,"positive",0.748387096774194,8,"negative",0.577586206896552,-0.323417102459467,116
10,"positive",0.748387096774194,8,"neutral",0,-0.323417102459467,116
10,"positive",0.748387096774194,8,"positive",0.422413793103448,-0.323417102459467,116
10,"positive",0.748387096774194,9,"negative",0.577586206896552,-0.278747930815335,116
10,"positive",0.748387096774194,9,"neutral",0,-0.278747930815335,116
10,"positive",0.748387096774194,9,"positive",0.422413793103448,-0.278747930815335,116
